",""auroch(9).s1"",""auroch(9).s2"",""auroch(9).s3"",""aurochs T"",""C1-1"",""C1-2"",""C101_aurochs"",""C102_aurochs"",""C2-1"",""C2-2"",""C3-1"",""C3-2"",""C4-1"",""C4-2"",""C5-1"",""C5-2"",""C6-1"",""C6-2"",""C91_aurochs"",""C92_aurochs"",""Wa12_aurochs"",""Wa5_aurochs"",""B1-1"",""B1-2"",""B2-1"",""B2-2"",""B3-1"",""B3-2"",""B4-1"",""B4-2"",""B5-1"",""B5-2"",""B6-1"",""B6-2"",""boeuf romain"",""boeuf_crane_act6.s1"",""boeuf_crane_act6.s2"",""boeuf_crane_act6.s3"",""boeuf_etui_corne_corne_act9.s1"",""boeuf_etui_corne_corne_act9.s2"",""boeuf_etui_corne_corne_act9.s3"",""boeuf_etui_corne_sabot_act3.s1"",""boeuf_etui_corne_sabot_act3.s2"",""boeuf_etui_corne_sabot_act3.s3"",""boeuf-tourcoing-01205"",""boeuf-waziers-2280"",""boeuf-waziers-2367"",""boeuf.s1"",""boeuf.s2"",""boeuf.s3"",""boeuf(2).s1"",""boeuf(2).s2"",""boeuf(2).s3"",""boeuf(8).s1"",""boeuf(8).s2"",""boeuf(8).s3"",""boeuf1"",""boeuf2"",""boeuf2.s1"",""boeuf2.s2"",""boeuf2.s3"",""boeuf257"""
"Label,""Auroch"",""Auroch"",""Auroch"",""Boeuf"",""Auroch"",""Auroch"",""Auroch"",""Auroch"",""Auroch"",""Auroch"",""Auroch"",""Auroch"",""Auroch"",""Auroch"",""Auroch"",""Auroch"",""Auroch"",""Auroch"",""Auroch"",""Auroch"",""Auroch"",""Auroch"",""Boeuf"",""Boeuf"",""Boeuf"",""Boeuf"",""Boeuf"",""Boeuf"",""Boeuf"",""Boeuf"",""Boeuf"",""Boeuf"",""Boeuf"",""Boeuf"",""Boeuf"",""Boeuf"",""Boeuf"",""Boeuf"",""Boeuf"",""Boeuf"",""Boeuf"",""Boeuf"",""Boeuf"",""Boeuf"",""Boeuf"",""Boeuf"",""Boeuf"",""Boeuf"",""Boeuf"",""Boeuf"",""Boeuf"",""Boeuf"",""Boeuf"",""Boeuf"",""Boeuf"",""Boeuf"",""Boeuf"",""Boeuf"",""Boeuf"",""Boeuf"",""Boeuf"",""Boeuf"""
"1095.53926,NA,NA,NA,NA,""2183225"",""2018416"",NA,NA,""3305437"",""3248571"",""5271283"",""5896019"",""6759920"",""4122471"",""9154705"",NA,""7442684"",""8572558"",NA,NA,NA,NA,""1462181"",""7584410"",""1363286"",""1931464"",""4899033"",NA,""10040700"",""9014469"",""10607235"",""14252600"",""10553692"",NA,NA,NA,NA,NA,NA,NA,NA,NA,NA,NA,NA,NA,NA,NA,NA,NA,NA,NA,NA,NA,NA,NA,NA,NA,NA,NA,NA,NA"
"1105.54824,NA,NA,NA,NA,""4993136"",""3526742"",NA,NA,""6385434"",""6442518"",""9263026"",""9744477"",""5480402"",""3665179"",""7835541"",""7850753"",""4975927"",""6074673"",NA,NA,NA,NA,""1521279"",""8019843"",""2743733"",""3273127"",""577586"",""3018673"",""1348264"",""1417616"",""844456"",""1339494"",""1090891"",""4113552"",NA,NA,NA,NA,NA,NA,NA,NA,NA,NA,NA,NA,NA,NA,NA,NA,NA,NA,NA,NA,NA,NA,NA,NA,NA,NA,NA,NA"
"1105.57541,""4979613"",""4246616"",""4646130"",""1871427"",NA,NA,""1759328"",NA,NA,NA,NA,NA,NA,NA,NA,NA,NA,NA,NA,""3851424"",""7390224"",""4140732"",NA,NA,NA,NA,NA,NA,NA,NA,NA,NA,NA,NA,""6188711"",""11588998"",""10878117"",""10970185"",NA,NA,NA,NA,NA,NA,""4794122"",""8816727"",""3914246"",""11031387"",""9469503"",""6021514"",""3303105"",""1976482"",""3278215"",""7691467"",""7702475"",""6680433"",""4956435"",""5956827"",""12305623"",""11324581"",""12056278"",""4055179"""
"1106.5323,NA,NA,NA,NA,""5037940"",""3543678"",NA,NA,""7260528"",""7513008"",NA,""1035276"",""6157707"",""4502323"",""974563"",""7689180"",""5739260"",""6453091"",NA,NA,NA,NA,NA,NA,NA,NA,NA,NA,NA,NA,NA,NA,NA,NA,NA,NA,NA,NA,NA,NA,NA,NA,NA,NA,NA,NA,NA,NA,NA,NA,NA,NA,NA,NA,NA,NA,NA,NA,NA,NA,NA,NA"
"1115.51669,NA,NA,NA,NA,""610363"",""465760"",NA,NA,""1176061"",""1437327"",""1243619"",""1263431"",""2720519"",""1877780"",""1212083"",""1239331"",""2357005"",""2194851"",NA,NA,NA,NA,""1078866"",""1031162"",NA,NA,""963632"",""811432"",""1900089"",""1413792"",""915330"",""1376949"",""945340"",""414816"",NA,NA,NA,NA,NA,NA,NA,NA,NA,NA,NA,NA,NA,NA,NA,NA,NA,NA,NA,NA,NA,NA,NA,NA,NA,NA,NA,NA"
"1116.46459,NA,NA,NA,NA,""1135556"",""676341"",NA,NA,NA,""963087"",""1077880"",""1108658"",""3113874"",""2474490"",""1402468"",""1409303"",""1818579"",""1711096"",NA,NA,NA,NA,""1160491"",""1031226"",""403694"",""367109"",""2118380"",""2045484"",""1818194"",""1042655"",NA,""927148"",""761932"",""578897"",NA,NA,NA,NA,NA,NA,NA,NA,NA,NA,NA,NA,NA,NA,NA,NA,NA,NA,NA,NA,NA,NA,NA,NA,NA,NA,NA,NA"
"1183.5713,""342366"",""427189"",""347287"",""428709"",""670712"",""398973"",""542989"",NA,""556571"",""599236"",""699072"",""742755"",""802983"",""662214"",""622695"",""562414"",""692284"",""701733"",""485139"",""566303"",NA,NA,NA,NA,NA,NA,NA,NA,NA,NA,NA,NA,NA,NA,""1222890"",""436626"",""403251"",""423167"",NA,NA,NA,NA,NA,NA,""306162"",""170530"",NA,NA,""290589"",""309390"",""1371161"",""504171"",""1229015"",""640969"",""725155"",""726235"",""1157812"",""734431"",NA,""234508"",""247808"",""623599"""
"1199.5705,NA,NA,NA,NA,""1113796"",""673701"",NA,NA,""934270"",""935234"",""1013917"",""1061747"",""1403668"",""1228060"",""905528"",""893795"",""958496"",""827049"",NA,NA,NA,NA,NA,NA,NA,NA,NA,NA,NA,NA,NA,NA,NA,NA,NA,NA,NA,NA,NA,NA,NA,NA,NA,NA,NA,NA,NA,NA,NA,NA,NA,NA,NA,NA,NA,NA,NA,NA,NA,NA,NA,NA"
"1208.67502,""3771933"",""3063326"",""3610983"",""1061078"",NA,NA,""806757"",""550182"",NA,NA,NA,NA,NA,NA,NA,NA,NA,NA,""438193"",""2055041"",""1737384"",""1737314"",NA,NA,NA,NA,NA,NA,NA,NA,NA,NA,NA,NA,""1905042"",""6992278"",""6460599"",""7050993"",NA,NA,NA,NA,NA,NA,""2960292"",""8955026"",""887885"",""6065568"",""4989421"",""3378175"",""1573780"",""927351"",""1298872"",""3446810"",""3582387"",""2901870"",""2896106"",""3061829"",""7972947"",""7412612"",""8079892"",""2303571"""
"1267.67598,""1043558"",""801206"",""730757"",""213347"",NA,NA,""1207656"",""457459"",NA,NA,NA,NA,NA,NA,NA,NA,NA,NA,""613319"",""2993932"",""2103070"",""803442"",NA,NA,NA,NA,NA,NA,NA,NA,NA,NA,NA,NA,""606529"",""2669583"",""2623790"",""3099766"",NA,NA,NA,NA,NA,NA,""954314"",""3698552"",""1387602"",""1422201"",""1302167"",""764428"",""678219"",""300200"",""509535"",""1455215"",""1269278"",""1262958"",""819792"",""768991"",""2333470"",""2160063"",""2349763"",""623968"""
"1281.61938,""622968"",""433807"",""587964"",NA,NA,NA,""473314"",""201212"",NA,NA,NA,NA,NA,NA,NA,NA,NA,NA,NA,NA,""1269464"",""140338"",NA,NA,NA,NA,NA,NA,NA,NA,NA,NA,NA,NA,""1281782"",""1758460"",""1443171"",""1439444"",NA,NA,NA,NA,NA,NA,""574441"",""2136153"",""1203669"",""811316"",""738870"",""463279"",""458668"",NA,NA,""962108"",""971907"",""904145"",""852423"",""494393"",""1283864"",""1025229"",""1221377"",""847208"""
"1427.7283,""17331618"",""13336742"",""16006804"",""4439038"",NA,NA,""20305678"",""11263544"",NA,NA,NA,NA,NA,NA,NA,NA,NA,NA,""8351801"",""40087356"",""23491230"",""12138016"",NA,NA,NA,NA,NA,NA,NA,NA,NA,NA,NA,NA,""12171474"",""21653588"",""20550780"",""21537602"",NA,NA,NA,NA,NA,NA,""10949907"",""22869042"",NA,""22262952"",""17496926"",""10930748"",""7540614"",""4817038"",""6551852"",""20049784"",""19861572"",""15874206"",""9017588"",""9973187"",""29278248"",""25502878"",""27255616"",""10391409"""
"1435.68269,""6464322"",""4935592"",""5949101"",NA,NA,NA,""3480383"",""1737583"",NA,NA,NA,NA,NA,NA,NA,NA,NA,NA,""1942504"",NA,""13240032"",""2887259"",NA,NA,NA,NA,NA,NA,NA,NA,NA,NA,NA,NA,""3941085"",""11546148"",""11143650"",""10798608"",""497577"",NA,""689152"",NA,NA,NA,""4430624"",""18706836"",""5584127"",""7748914"",""6491623"",""3892536"",NA,""1230957"",""2085526"",""8098750"",""7689258"",""6077115"",NA,NA,""13284473"",""12066845"",""13401249"",""2709138"""
"1453.69769,NA,NA,NA,NA,""1806681"",""1079667"",NA,NA,""1471014"",""1459597"",""2854119"",""2907394"",""1484839"",""1466471"",""2673031"",""2746515"",""1546495"",""1798423"",NA,NA,NA,NA,NA,NA,NA,NA,NA,NA,NA,NA,NA,NA,NA,NA,NA,NA,NA,NA,NA,NA,NA,NA,NA,NA,NA,NA,NA,NA,NA,NA,NA,NA,NA,NA,NA,NA,NA,NA,NA,NA,NA,NA"
"1459.64666,NA,NA,NA,NA,""6281821"",""3084359"",NA,NA,""4715438"",""5353201"",""8073611"",""8108290"",""6152016"",""5953977"",""5722346"",""5070029"",""5717142"",""4778358"",NA,NA,NA,NA,""6048498"",""6622470"",""2157259"",""2769583"",""4379858"",""4600897"",""10476952"",""8016629"",""5496515"",""5067277"",""5945609"",""3481918"",NA,NA,NA,NA,NA,NA,NA,NA,NA,NA,NA,NA,NA,NA,NA,NA,NA,NA,NA,NA,NA,NA,NA,NA,NA,NA,NA,NA"
"1459.69383,""3355946"",""2468477"",""3165811"",""640132"",NA,NA,""1974657"",NA,NA,NA,NA,NA,NA,NA,NA,NA,NA,NA,""1295455"",NA,""9218084"",""5239691"",NA,NA,NA,NA,NA,NA,NA,NA,NA,NA,NA,NA,""2892507"",""9848616"",""9658531"",""9757144"",NA,""592648"",NA,NA,NA,NA,""3860610"",""16355670"",""2482657"",""6948698"",""5680175"",""3422572"",""1811739"",""892289"",""1344060"",""6544796"",""6100721"",""4947093"",""2563308"",""2482285"",""11463254"",""10902839"",""11582621"",""2265693"""
"1465.64514,NA,NA,NA,NA,""6196463"",""3620505"",NA,NA,""7222658"",""8002509"",""8738393"",""8914211"",""7456158"",""7041864"",""7077508"",""6199627"",""7525764"",""5953342"",NA,NA,NA,NA,NA,NA,""150284"",""242573"",""292754"",""379360"",NA,NA,NA,NA,NA,""211285"",NA,NA,NA,NA,NA,NA,NA,NA,NA,NA,NA,NA,NA,NA,NA,NA,NA,NA,NA,NA,NA,NA,NA,NA,NA,NA,NA,NA"
"1550.70354,NA,NA,NA,NA,""4893506"",""2945096"",NA,NA,""4713421"",""4845128"",""5822109"",""5889372"",""5246617"",""4423004"",""5133323"",""4884283"",""5313915"",""4887330"",NA,NA,NA,NA,NA,NA,NA,NA,NA,NA,NA,NA,NA,NA,NA,NA,NA,NA,NA,NA,""8466526"",""6138713"",""8040251"",NA,NA,NA,NA,NA,NA,NA,NA,NA,NA,NA,NA,NA,NA,NA,NA,NA,NA,NA,NA,NA"
"1561.79852,""11477449"",""8865923"",""10159733"",""2398931"",NA,NA,""8092500"",""3604641"",NA,NA,NA,NA,NA,NA,NA,NA,NA,NA,NA,NA,""8418022"",""5211572"",NA,NA,NA,NA,NA,NA,NA,NA,NA,NA,NA,NA,""6078860"",""20556448"",""19552518"",""19476928"",NA,NA,NA,NA,NA,NA,""6659521"",""11497272"",NA,""10752205"",""9537754"",""6427955"",""4904735"",NA,""4195350"",""13060934"",""12923591"",""10733112"",""3508492"",""4707766"",""13315690"",""11553178"",""13118536"",""2489963"""
"1562.72849,NA,NA,NA,NA,""2283218"",""1501789"",NA,NA,""1592489"",""1696174"",""1915635"",""1938349"",""1592445"",""1142734"",""2036773"",""1859891"",NA,""1435393"",NA,NA,NA,NA,""1883311"",""1646580"",""847559"",NA,NA,NA,""1880216"",""1859770"",""1211015"",NA,""1705109"",NA,NA,NA,NA,NA,NA,NA,NA,NA,NA,NA,NA,NA,NA,NA,NA,NA,NA,NA,NA,NA,NA,NA,NA,NA,NA,NA,NA,NA"
"1562.78223,""4154031"",""3207013"",""3819481"",""1640262"",""2380708"",""1661336"",""8037693"",""4210841"",""2155150"",""2376996"",""3193535"",""3088357"",""2661885"",""1801785"",""3000793"",""2842050"",""2508550"",""2398941"",""2362974"",NA,""15999989"",""5166830"",""2678968"",""2460759"",NA,""1536766"",""1525223"",""1595783"",""3544888"",""3134072"",""1882358"",""2158315"",""2328974"",""1368860"",""7366982"",""8378693"",""7637745"",""8198778"",""311767"",NA,""354265"",NA,NA,NA,""3223975"",""11288907"",""1221684"",""5085064"",""4523201"",""2793409"",""3080102"",NA,NA,""7252689"",""7656201"",""6272408"",""3510676"",""4020424"",""6922145"",""5769086"",""6547628"",""4480120"""
"1586.70107,NA,NA,NA,NA,""5185510"",""4023429"",NA,NA,""5841163"",""6070326"",""7675613"",""7334174"",""7701368"",""5356573"",""7243556"",""6662672"",""7458005"",""7161086"",NA,NA,NA,NA,""6843129"",""5949525"",NA,""2688734"",""4023327"",""3831836"",""8636243"",""7567359"",""3719790"",""4631851"",""4508608"",""2726622"",NA,NA,NA,NA,NA,NA,NA,NA,NA,NA,NA,NA,NA,NA,NA,NA,NA,NA,NA,NA,NA,NA,NA,NA,NA,NA,NA,NA"
"1586.75694,NA,""2737879"",""3186291"",NA,NA,NA,""4559795"",""2277305"",NA,NA,NA,NA,NA,NA,NA,NA,NA,NA,""2305268"",NA,""13286677"",""2283979"",NA,NA,NA,NA,NA,NA,NA,NA,NA,NA,NA,NA,""3152736"",""5657806"",""5511989"",""5614069"",NA,NA,NA,NA,NA,NA,""3008399"",""14728732"",NA,""4606840"",""3671521"",""2379421"",""1920903"",""853741"",""1845639"",""5572321"",""5438835"",""4242851"",""2119763"",NA,""7647547"",""6963176"",""7829966"",""2478958"""
"1615.82091,""2864277"",""2292154"",""2436118"",""511596"",NA,NA,""1029956"",NA,NA,NA,NA,NA,NA,NA,NA,NA,NA,NA,NA,NA,NA,""525472"",NA,NA,NA,NA,NA,NA,NA,NA,NA,NA,NA,NA,NA,""12053790"",""11666994"",""12552153"",NA,NA,NA,NA,NA,NA,""3991477"",""4892682"",""330088"",""3920235"",""3549678"",""2046168"",""1772680"",NA,""1390411"",""4144331"",""4116491"",""3647498"",""2226726"",""1474150"",""5638450"",""4789201"",""5670186"",""1733577"""
"1616.74665,NA,NA,NA,NA,""1181497"",""1028370"",NA,NA,""1521357"",""1188421"",""1967394"",""1990167"",""1383158"",""941182"",""1942888"",""1920796"",""1590940"",""1615288"",NA,NA,NA,NA,NA,NA,NA,NA,NA,NA,NA,NA,NA,NA,NA,NA,NA,NA,NA,NA,NA,NA,NA,NA,NA,NA,NA,NA,NA,NA,NA,NA,NA,NA,NA,NA,NA,NA,NA,NA,NA,NA,NA,NA"
"1648.77878,NA,NA,""231079"",""451807"",NA,NA,NA,NA,NA,NA,NA,NA,NA,NA,NA,NA,NA,NA,NA,NA,""2581104"",NA,""8535346"",""6192183"",""2016022"",""3625014"",""3769073"",""3691466"",""8143940"",""7984306"",""4952771"",""7675034"",""6266209"",""2809913"",""1887567"",NA,NA,NA,NA,NA,NA,NA,NA,NA,""1142823"",""6338748"",NA,""914348"",NA,""594711"",NA,NA,NA,""686453"",""506281"",NA,NA,NA,""2205429"",""1649905"",""1888554"",""810912"""
"1655.7395,NA,NA,NA,NA,""4289004"",""3635543"",NA,NA,""5611291"",""6191292"",""7859525"",""8003062"",""11895399"",""7210435"",""8806981"",""8328096"",""12028343"",""10952791"",NA,NA,NA,NA,""12996901"",NA,""2798665"",""5106395"",""11668429"",""10644324"",""19662874"",""17650938"",""8725505"",""12436008"",""8535661"",""4173490"",NA,NA,NA,NA,NA,NA,NA,NA,NA,NA,NA,NA,NA,NA,NA,NA,NA,NA,NA,NA,NA,NA,NA,NA,NA,NA,NA,NA"
"1716.91559,""400040"",NA,""282583"",""424622"",NA,NA,""2600705"",""2844210"",NA,NA,NA,NA,NA,NA,NA,NA,NA,NA,""966988"",NA,""436090"",""227483"",NA,NA,NA,NA,NA,NA,NA,NA,NA,NA,NA,NA,""1767553"",""1035983"",""1073644"",""1004568"",NA,NA,NA,NA,NA,NA,""664038"",""731992"",NA,""593013"",""551695"",""405582"",""539393"",""277822"",""523565"",NA,""1926138"",""1693924"",""838094"",""787057"",""783926"",""654338"",""887473"",""592049"""
"1755.74022,NA,NA,NA,NA,""933767"",""1161109"",NA,NA,""2543676"",""2421997"",""4512124"",""4462549"",""2926089"",""1824871"",""5046982"",""5122116"",""4848734"",""5250806"",NA,NA,NA,NA,NA,NA,NA,NA,NA,NA,NA,NA,NA,NA,NA,NA,NA,NA,NA,NA,NA,NA,NA,NA,NA,NA,NA,NA,NA,NA,NA,NA,NA,NA,NA,NA,NA,NA,NA,NA,NA,NA,NA,NA"
"1760.63504,NA,NA,NA,NA,NA,""399562"",NA,NA,""384440"",""466202"",""467407"",""542020"",""1157866"",""680530"",""589353"",""520421"",""684709"",""689902"",NA,NA,NA,NA,NA,NA,NA,NA,NA,NA,NA,NA,NA,NA,NA,NA,NA,NA,NA,NA,NA,NA,NA,NA,NA,NA,NA,NA,NA,NA,NA,NA,NA,NA,NA,NA,NA,NA,NA,NA,NA,NA,NA,NA"
"1764.79465,NA,NA,NA,NA,""1596232"",""1802338"",NA,NA,""3041552"",""2868461"",""4878730"",""5501036"",""5009499"",""2845563"",""8923641"",""8899784"",""7397667"",""8259400"",NA,NA,NA,NA,NA,NA,NA,NA,NA,NA,NA,NA,NA,NA,NA,NA,NA,NA,NA,NA,NA,NA,NA,NA,NA,NA,NA,NA,NA,NA,NA,NA,NA,NA,NA,NA,NA,NA,NA,NA,NA,NA,NA,NA"
"1768.83069,NA,NA,NA,NA,""1050597"",""1022575"",NA,NA,""1020275"",""1146590"",""1927850"",""1986079"",""1260110"",""674567"",""2355467"",""2196990"",""1219741"",""1588483"",NA,""1568403"",NA,NA,NA,NA,NA,NA,NA,NA,NA,NA,NA,NA,NA,NA,NA,NA,NA,NA,NA,NA,NA,NA,NA,NA,NA,NA,NA,NA,NA,NA,NA,NA,NA,NA,NA,NA,NA,NA,NA,NA,NA,NA"
"1771.73528,NA,NA,NA,NA,""1601929"",""1486282"",NA,NA,""2963560"",""3473935"",""4136116"",""4566798"",""5049267"",""2900927"",""5894670"",""5311910"",""4820016"",""5621065"",NA,NA,NA,NA,NA,NA,NA,NA,NA,NA,NA,NA,NA,NA,NA,NA,NA,NA,NA,NA,NA,NA,NA,NA,NA,NA,NA,NA,NA,NA,NA,NA,NA,NA,NA,NA,NA,NA,NA,NA,NA,NA,NA,NA"
"1784.82254,NA,NA,NA,NA,""2949699"",""2967059"",NA,NA,""3002611"",""3036087"",""5295702"",""5121088"",""3339431"",""1965846"",""5800494"",""5798106"",""3579945"",""4286617"",NA,NA,NA,NA,NA,NA,NA,NA,NA,NA,NA,NA,NA,NA,NA,NA,NA,NA,NA,NA,NA,NA,""1027700"",NA,NA,NA,NA,NA,NA,NA,NA,NA,NA,NA,NA,NA,NA,NA,NA,NA,NA,NA,NA,NA"
"1800.81743,NA,NA,NA,NA,""2913252"",""2980943"",NA,NA,""3099553"",""3097710"",""5038496"",""5530488"",""3785310"",""2384107"",""5452077"",""5186140"",""3914638"",""4230332"",NA,NA,NA,NA,NA,NA,""210225"",""275007"",""282302"",""263153"",NA,NA,NA,NA,NA,NA,NA,NA,NA,NA,NA,NA,NA,NA,NA,NA,NA,NA,NA,NA,NA,NA,NA,NA,NA,NA,NA,NA,NA,NA,NA,NA,NA,NA"
"1804.93096,""7816432"",""6268901"",""6477030"",""4327913"",NA,NA,""13550089"",""7923155"",NA,NA,NA,NA,NA,NA,NA,NA,NA,NA,""4224640"",NA,""13154031"",""794735"",NA,NA,NA,NA,NA,NA,NA,NA,NA,NA,NA,NA,""9103184"",""23046596"",""23048060"",""23414138"",""2004359"",""2201197"",""2904511"",NA,NA,NA,""29797090"",""42533956"",NA,""12606313"",""11396008"",""7492784"",""7615685"",""3902283"",""6504191"",""11521136"",""11848777"",""10053180"",""10578049"",""12751115"",""23894924"",""20756584"",""22858212"",""10411123"""
"1817.83131,NA,NA,NA,NA,""895834"",""625164"",NA,NA,""561419"",""734121"",""1172728"",""1242420"",""2336700"",""1473961"",""1161617"",""1222541"",""1822740"",""2082671"",NA,NA,NA,NA,NA,NA,NA,NA,NA,NA,NA,NA,NA,NA,NA,NA,NA,NA,NA,NA,NA,NA,NA,NA,NA,NA,NA,NA,NA,NA,NA,NA,NA,NA,NA,NA,NA,NA,NA,NA,NA,NA,NA,NA"
"1832.86091,""4183909"",""3117929"",""3563054"",""607306"",NA,NA,""2002743"",""1034949"",NA,NA,NA,NA,NA,NA,NA,NA,NA,NA,""2815046"",NA,""8461856"",""3568248"",NA,NA,NA,NA,NA,NA,NA,NA,NA,NA,NA,NA,""4408153"",""3660140"",""3682736"",""4182350"",NA,NA,NA,NA,NA,NA,""7415999"",""9966575"",NA,""6008252"",""5015759"",""3119548"",""2465007"",""1399873"",""2234232"",""7531885"",""7188305"",""5909151"",""2887073"",""3360666"",""7872573"",""6706773"",""7533044"",""1599972"""
"1841.82874,NA,NA,NA,NA,""1533213"",""1216033"",NA,NA,""1438390"",""1862262"",""2520518"",""2621429"",""4170239"",""2696065"",""2805912"",""2592915"",""3684826"",""4144201"",NA,NA,NA,NA,NA,NA,NA,NA,NA,NA,NA,NA,NA,NA,NA,NA,NA,NA,NA,NA,NA,NA,NA,NA,NA,NA,NA,NA,NA,NA,NA,NA,NA,NA,NA,NA,NA,NA,NA,NA,NA,NA,NA,NA"
"1848.85632,""2255649"",""1970298"",""2040219"",NA,NA,NA,""1154719"",NA,NA,NA,NA,NA,NA,NA,NA,NA,NA,NA,""1785353"",NA,""3238707"",""1237975"",NA,NA,NA,NA,NA,NA,NA,NA,NA,NA,NA,NA,""2041655"",""8107375"",""8065074"",""8490548"",NA,NA,NA,NA,NA,NA,""3097138"",""6749603"",NA,""3086907"",""2700995"",""1923298"",""866436"",""499486"",""875777"",""3761833"",""4128251"",""3022071"",""849269"",NA,""4036892"",""3631396"",""3868041"",""822229"""
"1863.8084,NA,NA,NA,NA,""1685105"",""1776574"",NA,NA,""510983"",""579038"",""435107"",""534687"",""786309"",NA,""328811"",""270857"",""481194"",""480546"",NA,NA,NA,NA,NA,""277179"",""143743"",NA,""224167"",NA,""369233"",""377822"",""206385"",NA,NA,NA,NA,NA,NA,NA,NA,NA,NA,NA,NA,NA,NA,NA,NA,NA,NA,NA,NA,NA,NA,NA,NA,NA,NA,NA,NA,NA,NA,NA"
"1892.84328,NA,NA,NA,NA,""454137"",""596836"",NA,NA,""2227459"",""2068114"",""2915078"",""3048985"",""2017315"",""1229494"",""3469203"",""3152934"",""2486486"",""2989512"",NA,NA,NA,NA,NA,NA,NA,NA,NA,NA,NA,NA,NA,NA,NA,NA,NA,NA,NA,NA,NA,NA,NA,NA,NA,NA,NA,NA,NA,NA,NA,NA,NA,NA,NA,NA,NA,NA,NA,NA,NA,NA,NA,NA"
"1922.93345,""4445241"",""3566380"",""4059496"",""976901"",NA,NA,""4486906"",""2005691"",NA,NA,NA,NA,NA,NA,NA,NA,NA,NA,""424892"",NA,""13042455"",""4127564"",NA,NA,NA,NA,NA,NA,NA,NA,NA,NA,NA,NA,""5874034"",""8622642"",""8718079"",""8625373"",NA,NA,NA,NA,NA,NA,""6620301"",""18972910"",NA,""6276946"",""5198869"",""3274819"",""1684453"",""789064"",NA,""6804551"",""7160978"",""6136026"",""1634348"",""3160064"",""12272058"",""10102903"",""11422487"",""4187355"""
"1975.90872,NA,NA,NA,NA,""6440759"",""6787817"",NA,NA,""14988426"",""14521942"",""26009480"",""28083398"",""15896803"",""9376874"",""36413628"",""37835136"",""20385154"",""24478290"",NA,NA,NA,NA,""27871766"",""18427254"",""5702448"",""9205019"",""15451267"",""19357362"",""23229140"",""24262654"",""30596082"",""36946980"",""36116972"",""15871343"",NA,NA,NA,NA,NA,NA,NA,NA,NA,NA,NA,NA,NA,NA,NA,NA,NA,NA,NA,NA,NA,NA,NA,NA,NA,NA,NA,NA"
"1975.99499,""21806706"",""17830170"",""20586040"",""5056914"",NA,NA,""36803944"",""20580200"",NA,NA,NA,NA,NA,NA,NA,NA,NA,NA,""9105364"",NA,""51418852"",""37644248"",NA,NA,NA,NA,NA,NA,NA,NA,NA,NA,NA,NA,""52961332"",""74756544"",""71333512"",""72741552"",NA,NA,NA,NA,NA,NA,""56931988"",""128202536"",""518150"",""40305308"",""32955922"",""20904270"",""14034098"",""7144657"",""12441880"",""62631272"",""69807576"",""53875852"",""22259282"",""29423710"",""94772488"",""82052864"",""87861752"",""28941754"""
"2013.95716,""462551"",NA,NA,NA,""981294"",""1185842"",NA,NA,""3001574"",""2786597"",""4592759"",""4900208"",""2590858"",""1639138"",""6258223"",""7418292"",""2909380"",""3734534"",NA,NA,""1054354"",NA,NA,NA,NA,NA,NA,NA,NA,NA,NA,NA,NA,NA,NA,NA,NA,NA,NA,NA,NA,NA,NA,NA,NA,""788782"",NA,NA,NA,NA,NA,NA,NA,NA,NA,NA,NA,NA,NA,NA,NA,NA"
"2014.07219,""378227"",""490487"",""436456"",""511155"",NA,NA,""1677570"",""1292440"",NA,NA,NA,NA,NA,NA,NA,NA,NA,NA,""311679"",NA,""1095890"",""512258"",NA,NA,NA,NA,NA,NA,NA,NA,NA,NA,NA,NA,""1664062"",""445399"",""453027"",""473549"",NA,NA,NA,""2454196"",""2205281"",""1881728"",""628281"",""384655"",NA,""703732"",""667501"",""567536"",""511831"",NA,""501498"",""999365"",""959146"",""1087521"",""807858"",""1071893"",""635028"",""549256"",""564370"",""551965"""
"2019.8839,NA,NA,NA,NA,""2342471"",""2163159"",NA,NA,""2859393"",""3245037"",""5456666"",""5949875"",""4504458"",""2645266"",""6383778"",""6323904"",""4464851"",""4656553"",NA,NA,NA,NA,""13364742"",""10100907"",""3771333"",""6327877"",""7655109"",""7710761"",""12593629"",""12376212"",""14114462"",""16673744"",""13290236"",""6064018"",NA,NA,NA,NA,NA,NA,NA,NA,NA,NA,NA,NA,NA,NA,NA,NA,NA,NA,NA,NA,NA,NA,NA,NA,NA,NA,NA,NA"
"2029.95316,NA,NA,NA,NA,""642448"",""583222"",NA,NA,""1954757"",""1976344"",""3174006"",""3379823"",""1880961"",""1008127"",""3776721"",""4185532"",""1816213"",""2336934"",NA,NA,NA,NA,NA,NA,NA,NA,NA,NA,NA,NA,NA,NA,NA,NA,NA,NA,NA,NA,NA,NA,NA,NA,NA,NA,NA,NA,NA,NA,NA,NA,NA,NA,NA,NA,NA,NA,NA,NA,NA,NA,NA,NA"
"2039.9551,""1038222"",""898339"",""1304397"",""444267"",NA,NA,NA,NA,NA,NA,NA,NA,NA,NA,NA,NA,NA,NA,NA,NA,NA,NA,NA,NA,NA,NA,NA,NA,NA,NA,NA,NA,NA,NA,""1841292"",""2392846"",""2707450"",""2230145"",NA,NA,NA,NA,NA,NA,""2818752"",""2307317"",NA,""3069296"",""2322024"",""1859862"",""962400"",""419927"",""753183"",""2575135"",""2815685"",""2540630"",""1873392"",""2615320"",""3454334"",""3345625"",""3856377"",""897710"""
"2041.87726,NA,NA,NA,NA,""732906"",NA,NA,NA,""1452297"",""1558894"",""2621938"",""2509833"",""1146913"",""724176"",""2282073"",""2448065"",""1311204"",""1424911"",NA,NA,NA,NA,NA,NA,""792330"",""1304523"",""2655364"",""2639583"",""1016813"",""846460"",NA,NA,NA,""552099"",NA,NA,NA,NA,NA,NA,NA,NA,NA,NA,NA,NA,NA,NA,NA,NA,NA,NA,NA,NA,NA,NA,NA,NA,NA,NA,NA,NA"
"2056.09262,""21200984"",""16574814"",""19066796"",""9621642"",NA,NA,""53491072"",""33039572"",NA,NA,NA,NA,NA,NA,NA,NA,NA,NA,""11194449"",NA,""34659044"",""32064836"",NA,NA,NA,NA,NA,NA,NA,NA,NA,NA,NA,NA,""46800120"",""39747268"",""38306332"",""40533836"",NA,NA,NA,NA,NA,NA,""33903360"",""37512720"",NA,""43088392"",""34567536"",""23301314"",""9980475"",""6574840"",""9097252"",""41898472"",""45967600"",""37442744"",""22608924"",""30558504"",""56025380"",""43455512"",""51604728"",""34913140"""
"2056.97892,""17672130"",""12980755"",""16571207"",""2016698"",NA,NA,""2007446"",NA,NA,NA,NA,NA,NA,NA,NA,NA,NA,NA,NA,NA,NA,NA,NA,NA,NA,NA,NA,NA,NA,NA,NA,NA,NA,NA,""12784997"",""73461704"",""73034024"",""76145128"",NA,NA,NA,NA,NA,NA,""46172440"",""85813664"",NA,""60038676"",""43911676"",""25636820"",""5605190"",""3004786"",""4980471"",""31214668"",""34528928"",""27843632"",""14410507"",""24337462"",""117542032"",""93403376"",""108231736"",""14006556"""
"2057.86988,NA,NA,NA,NA,""10736719"",""10624545"",NA,NA,""23963474"",""21796982"",""35920048"",""38455152"",""18090934"",""10364708"",""32192008"",""31137044"",""21016768"",""21771000"",NA,NA,NA,NA,NA,NA,NA,NA,NA,NA,NA,NA,NA,NA,NA,NA,NA,NA,NA,NA,NA,NA,NA,NA,NA,NA,NA,NA,NA,NA,NA,NA,NA,NA,NA,NA,NA,NA,NA,NA,NA,NA,NA,NA"
"2069.95526,NA,NA,NA,NA,NA,""359644"",NA,NA,""5124215"",""4872328"",""4572396"",""4409312"",""3092826"",""2153902"",""6621738"",""7642213"",""7721714"",""9264828"",NA,NA,NA,NA,NA,NA,NA,NA,NA,NA,NA,NA,NA,NA,NA,NA,NA,NA,NA,NA,NA,NA,NA,NA,NA,NA,NA,NA,NA,NA,NA,NA,NA,NA,NA,NA,NA,NA,NA,NA,NA,NA,NA,NA"
"2072.09109,""13507872"",""11369328"",""12199571"",""2485005"",NA,NA,""15182921"",""11076779"",NA,NA,NA,NA,NA,NA,NA,NA,NA,NA,""1888695"",NA,""18775608"",""9887122"",NA,NA,NA,NA,NA,NA,NA,NA,NA,NA,NA,NA,""16041024"",""16372290"",""15187528"",""16198038"",NA,NA,NA,NA,NA,NA,""9608454"",""18788986"",NA,""11759543"",""10401950"",""6786190"",""8080597"",""3670545"",""6764502"",""17738280"",""20167794"",""15231830"",""3787880"",""6026993"",""17695890"",""13024428"",""16974712"",""8337322"""
"2089.00724,""7285934"",""5359467"",""6954420"",""212542"",NA,NA,NA,NA,NA,NA,NA,NA,NA,NA,NA,NA,NA,NA,NA,NA,NA,NA,NA,NA,NA,NA,NA,NA,NA,NA,NA,NA,NA,NA,""2299486"",""22395512"",""21174988"",""22470950"",NA,NA,NA,NA,NA,NA,""6693100"",""17208276"",NA,""9016547"",""7236174"",""4226766"",""700527"",NA,""639764"",""5661685"",""6050523"",""4435041"",""2313329"",""1620316"",""18316392"",""16261229"",""17595080"",""1358807"""
"2105.88711,NA,NA,NA,NA,""4256412"",""3933932"",NA,NA,""5758208"",""5846429"",""9039911"",""9113401"",""6709144"",""3857202"",""7436612"",""6678505"",""6134132"",""5680616"",NA,NA,NA,NA,NA,NA,NA,NA,NA,""362671"",NA,NA,NA,NA,NA,NA,NA,NA,NA,NA,NA,NA,NA,NA,NA,NA,NA,NA,NA,NA,NA,NA,NA,NA,NA,NA,NA,NA,NA,NA,NA,NA,NA,NA"
"2131.11626,""18196224"",""14327034"",""16740382"",""1882721"",NA,NA,""15319384"",""7698386"",NA,NA,NA,NA,NA,NA,NA,NA,NA,NA,""4348531"",NA,""65022064"",""26156130"",NA,NA,NA,NA,NA,NA,NA,NA,NA,NA,NA,NA,""10876514"",""26588964"",""25281638"",""26483432"",NA,NA,NA,NA,NA,NA,""22717358"",NA,NA,""29764180"",""24822650"",""15374916"",""6005571"",""2335924"",""5284501"",""26573308"",""30107074"",""21998998"",""6027816"",""8495995"",""43577168"",""38230056"",""41093820"",""5625060"""
"2145.02805,NA,NA,NA,NA,""6577262"",""6334593"",NA,NA,""7436384"",""7824945"",""14571464"",""15085162"",""8600816"",""5215798"",""15225755"",""16725828"",""6478897"",""7922741"",NA,NA,NA,NA,NA,NA,""525807"",""731859"",""399790"",NA,NA,NA,NA,NA,NA,NA,NA,NA,NA,NA,NA,NA,NA,NA,NA,NA,NA,NA,NA,NA,NA,NA,NA,NA,NA,NA,NA,NA,NA,NA,NA,NA,NA,NA"
"2167.00965,NA,NA,NA,NA,""1545932"",""1660202"",NA,NA,""584745"",""656069"",""639805"",""526314"",""513461"",""353544"",""375371"",""440839"",""241856"",""230675"",NA,NA,NA,NA,NA,NA,NA,NA,NA,NA,NA,NA,NA,NA,NA,NA,NA,NA,NA,NA,NA,NA,NA,NA,NA,NA,NA,NA,NA,NA,NA,NA,NA,NA,NA,NA,NA,NA,NA,NA,NA,NA,NA,NA"
"2187.9224,NA,NA,NA,NA,""1724338"",""1394066"",NA,NA,""2409774"",""2926095"",""3481406"",""3594989"",""2602024"",""1611615"",""3540779"",""3136546"",""2089934"",""2309448"",NA,NA,NA,NA,NA,NA,NA,NA,NA,NA,NA,NA,NA,NA,NA,NA,NA,NA,NA,NA,NA,NA,NA,NA,NA,NA,NA,NA,NA,NA,NA,NA,NA,NA,NA,NA,NA,NA,NA,NA,NA,NA,NA,NA"
"2203.91383,NA,NA,NA,NA,""10481052"",""8521826"",NA,NA,""16803208"",""18375052"",""24766426"",""25076780"",""14686343"",""9043421"",""21463580"",""19788556"",""14104044"",""14068769"",NA,NA,NA,NA,""240641"",""231117"",NA,""383444"",""396902"",""283240"",""267999"",""273625"",NA,NA,""244144"",NA,NA,NA,NA,NA,NA,NA,NA,NA,NA,NA,NA,NA,NA,NA,NA,NA,NA,NA,NA,NA,NA,NA,NA,NA,NA,NA,NA,NA"
"2216.05962,""22388998"",""16558089"",""22113114"",""1226444"",NA,NA,""7667243"",""3023233"",NA,NA,NA,NA,NA,NA,NA,NA,NA,NA,NA,NA,""104661536"",""6616347"",NA,NA,NA,NA,NA,NA,NA,NA,NA,NA,NA,NA,""15395385"",""51650988"",""51033892"",""51889028"",NA,NA,NA,NA,NA,NA,""20684956"",""62859648"",""612608"",""17382408"",""12737170"",""6993968"",""1331841"",""706379"",""1398050"",""19495132"",""19976766"",""17118462"",""4669904"",""2308641"",""41429552"",""35802820"",""38560596"",""6224455"""
"2219.90964,NA,NA,NA,NA,""643990"",""485353"",NA,NA,""933950"",""957119"",""1154143"",""1123398"",""777368"",""440916"",""798914"",""800239"",""602864"",""627932"",NA,NA,NA,NA,NA,NA,NA,NA,NA,NA,NA,NA,NA,NA,NA,NA,NA,NA,NA,NA,NA,NA,NA,NA,NA,NA,NA,NA,NA,NA,NA,NA,NA,NA,NA,NA,NA,NA,NA,NA,NA,NA,NA,NA"
"2225.89723,NA,NA,NA,NA,""2323315"",""2189455"",NA,NA,""981892"",""950445"",""583185"",""657881"",""490202"",""463165"",""390995"",NA,""418236"",""443001"",NA,NA,NA,NA,NA,NA,NA,NA,NA,NA,NA,NA,NA,NA,NA,NA,NA,NA,NA,NA,NA,NA,NA,NA,NA,NA,NA,NA,NA,NA,NA,NA,NA,NA,NA,NA,NA,NA,NA,NA,NA,NA,NA,NA"
"2232.05723,""1830091"",""1434623"",""1630453"",""350726"",NA,NA,NA,NA,NA,NA,NA,NA,NA,NA,NA,NA,NA,NA,NA,NA,""8118928"",NA,NA,NA,NA,NA,NA,NA,NA,NA,NA,NA,NA,NA,""2512573"",""5084446"",""4862820"",""5033648"",NA,NA,NA,NA,NA,NA,""2852394"",""14402327"",""279214"",""3884251"",""3134319"",""1776375"",""919353"",""321857"",""871530"",""4558249"",""4563638"",""3923258"",""1628755"",""2778300"",""8381832"",""7113838"",""8284094"",""1169297"""
"2255.94007,NA,NA,NA,NA,""781440"",""729473"",NA,NA,""1612968"",""1592655"",""2393437"",""2358884"",""2103965"",""1224343"",""2676394"",""2183398"",""1917732"",""1877906"",NA,NA,NA,NA,NA,NA,NA,NA,NA,NA,NA,NA,NA,NA,NA,NA,NA,NA,NA,NA,NA,NA,NA,NA,NA,NA,NA,NA,NA,NA,NA,NA,NA,NA,NA,NA,NA,NA,NA,NA,NA,NA,NA,NA"
"2363.96111,NA,NA,NA,NA,NA,""200083"",NA,NA,""1526924"",""1503317"",""1583335"",""1395543"",""1350406"",""780865"",""1768693"",""1627297"",""2632400"",""2875693"",NA,NA,NA,NA,""524842"",""572799"",NA,NA,NA,NA,""484481"",""477821"",NA,""668627"",""796870"",""430791"",NA,NA,NA,NA,NA,NA,NA,NA,NA,NA,NA,NA,NA,NA,NA,NA,NA,NA,NA,NA,NA,NA,NA,NA,NA,NA,NA,NA"
"2410.99336,NA,NA,NA,NA,NA,""215304"",NA,NA,""376262"",""392740"",""796492"",""716674"",""592257"",""400177"",""767890"",""633861"",""464375"",""560847"",NA,NA,NA,NA,NA,NA,NA,NA,NA,NA,NA,NA,NA,NA,NA,NA,NA,NA,NA,NA,NA,NA,NA,NA,NA,NA,NA,NA,NA,NA,NA,NA,NA,NA,NA,NA,NA,NA,NA,NA,NA,NA,NA,NA"
"2420.05104,NA,NA,NA,NA,NA,NA,NA,NA,""304285"",""242143"",""380842"",""458041"",""319898"",""244817"",""385469"",""359709"",""274362"",""267732"",NA,""240766"",NA,NA,""427060"",""470699"",NA,NA,""295538"",""292450"",""329079"",""369524"",""687661"",""560400"",NA,""306136"",NA,NA,NA,NA,NA,NA,NA,NA,NA,NA,NA,NA,NA,NA,NA,NA,NA,NA,NA,NA,NA,NA,NA,NA,NA,NA,NA,NA"
"2455.09034,NA,NA,NA,NA,""1733650"",""1101311"",NA,NA,""3684148"",""4238660"",""5698065"",""5292970"",""3120230"",""2114541"",""5197659"",""5110208"",""2242422"",""2729662"",NA,NA,NA,NA,NA,NA,NA,NA,NA,NA,NA,NA,NA,NA,NA,NA,NA,NA,NA,NA,NA,NA,NA,NA,NA,NA,NA,NA,NA,NA,NA,NA,NA,NA,NA,NA,NA,NA,NA,NA,NA,NA,NA,NA"
"2471.08176,NA,NA,NA,NA,""680781"",""378470"",NA,NA,""1579103"",""1417437"",""2083427"",""1838656"",""1045744"",""685902"",""1755110"",""1482091"",""845158"",""958577"",NA,NA,NA,NA,""645685"",""678104"",NA,NA,""287405"",""275187"",""504108"",""429011"",""1256128"",""1101603"",""1383332"",""537949"",NA,NA,NA,NA,NA,NA,NA,NA,NA,NA,NA,NA,NA,NA,NA,NA,NA,NA,NA,NA,NA,NA,NA,NA,NA,NA,NA,NA"
"2481.07492,NA,NA,NA,NA,""664006"",""461721"",NA,NA,""709134"",""733986"",""1173608"",""1296969"",""828080"",""616542"",""1284945"",""1265634"",""620289"",""772336"",NA,NA,NA,NA,""592610"",""804396"",NA,""318242"",""235176"",""281714"",""630910"",""675409"",""1169387"",""1319864"",""1129434"",""515342"",NA,NA,NA,NA,NA,NA,NA,NA,NA,NA,NA,NA,NA,NA,NA,NA,NA,NA,NA,NA,NA,NA,NA,NA,NA,NA,NA,NA"
"2481.21136,""1012092"",""736937"",""883434"",NA,NA,NA,""1860082"",""615077"",NA,NA,NA,NA,NA,NA,NA,NA,NA,NA,""294740"",NA,""2538993"",""740424"",NA,NA,NA,NA,NA,NA,NA,NA,NA,NA,NA,NA,""863121"",""2960207"",""2981493"",""2871718"",""821047"",""581506"",NA,NA,NA,NA,NA,NA,NA,""2903566"",""2358144"",""1617888"",""383017"",NA,""329660"",""4696030"",""4670307"",""3950252"",""1035715"",""1479118"",""5656482"",""4992318"",""5309194"",""842605"""
"2487.20946,""2193536"",""1592602"",""2122350"",NA,NA,NA,""1414323"",""798253"",NA,NA,NA,NA,NA,NA,NA,NA,NA,NA,""631668"",NA,""10361321"",""6544987"",NA,NA,NA,NA,NA,NA,NA,NA,NA,NA,NA,NA,""1466808"",""3768433"",""4021185"",""3822502"",NA,NA,NA,""1605126"",""1609426"",""1148036"",""3176862"",""16620967"",NA,""3060274"",""2684107"",""1832266"",""671663"",""356546"",""625194"",""3333812"",""3686912"",""2770911"",""761149"",""1388153"",""7800838"",""7604362"",""7661631"",""1667831"""
"2497.06802,NA,NA,NA,NA,""1302298"",""816578"",NA,NA,""1182824"",""1185467"",""1940715"",""1930032"",""1254037"",""846254"",""2315431"",""2130082"",""1154986"",""1214268"",NA,NA,NA,NA,""3031902"",""2952854"",""935349"",""1206835"",""1321946"",""1128123"",""2818838"",""2806090"",""5424994"",""5398090"",""4604440"",""2171644"",NA,NA,NA,NA,NA,NA,NA,NA,NA,NA,NA,NA,NA,NA,NA,NA,NA,NA,NA,NA,NA,NA,NA,NA,NA,NA,NA,NA"
"2497.2067,""3342128"",""2793325"",""3277436"",NA,NA,NA,""2450159"",""794159"",NA,NA,NA,NA,NA,NA,NA,NA,NA,NA,""571748"",NA,""11188828"",""1999728"",NA,NA,NA,NA,NA,NA,NA,NA,NA,NA,NA,NA,""3591005"",""10506646"",""10227793"",""10066571"",""807374"",""704786"",""1023755"",NA,NA,NA,""6301437"",""19774560"",NA,""6077637"",""5265318"",""3372593"",""880790"",NA,""844124"",""8299059"",""8581962"",""6425671"",""1896649"",""2684921"",""15248546"",""14021405"",""14567844"",""2511103"""
"2513.06321,NA,NA,NA,NA,""871454"",""449231"",NA,NA,""613566"",""719188"",""1106497"",""1027966"",""739324"",""615544"",""1003307"",""1155034"",""623139"",""659701"",NA,NA,NA,NA,""3138006"",""3612605"",""1061365"",""1524308"",""1421609"",""1255140"",""3283357"",""3286985"",""5776250"",""5622146"",""4914609"",""2240315"",NA,NA,NA,NA,NA,NA,NA,NA,NA,NA,NA,NA,NA,NA,NA,NA,NA,NA,NA,NA,NA,NA,NA,NA,NA,NA,NA,NA"
"2513.20408,""4110930"",""3389486"",""3929980"",""231594"",NA,NA,""1174990"",NA,NA,NA,NA,NA,NA,NA,NA,NA,NA,NA,""169906"",NA,""13856832"",""1710950"",NA,NA,NA,NA,NA,NA,NA,NA,NA,NA,NA,NA,""3895912"",""10242897"",""10202860"",""9823336"",NA,NA,""399058"",NA,NA,NA,""5339546"",""32175354"",NA,""4111072"",""3296835"",""2008439"",""1201676"",""414685"",""963255"",""6433720"",""6132606"",""5124684"",""1089196"",""2041821"",""10910194"",""9947983"",""10740374"",""2115015"""
"2571.09702,NA,NA,NA,NA,""1876857"",""1058342"",NA,NA,""1251374"",""1237597"",""2689566"",""2559052"",""1228767"",""912700"",""2405903"",""2217219"",""935049"",""1113323"",NA,NA,NA,NA,NA,NA,NA,NA,NA,NA,NA,NA,NA,NA,NA,NA,NA,NA,NA,NA,NA,NA,NA,NA,NA,NA,NA,NA,NA,NA,NA,NA,NA,NA,NA,NA,NA,NA,NA,NA,NA,NA,NA,NA"
"2689.25932,""993113"",NA,""841961"",NA,NA,NA,NA,NA,NA,NA,NA,NA,NA,NA,NA,NA,NA,NA,NA,NA,NA,NA,NA,NA,NA,NA,NA,NA,NA,NA,NA,NA,NA,NA,""2317327"",""5498214"",""4980962"",""5163647"",""1353171"",""1043420"",""1333961"",NA,NA,NA,""6567981"",""1767118"",NA,""7141994"",""6242912"",""4670968"",""2731735"",""1361019"",""2174537"",""7708570"",""7243328"",""6590402"",""5685830"",""5951428"",""8532306"",""7524353"",""8605184"",""2146991"""
"2719.2334,""9009292"",""7499432"",""8689798"",NA,NA,NA,NA,NA,NA,NA,NA,NA,NA,NA,NA,NA,NA,NA,NA,NA,NA,NA,NA,NA,NA,NA,NA,NA,NA,NA,NA,NA,NA,NA,""6704508"",""33974916"",""30382708"",""31131708"",""966955"",NA,""807296"",NA,NA,NA,""20040276"",""30215632"",NA,""10469046"",""8462554"",""5382415"",""1522485"",""647369"",""1316646"",""12016541"",""11387723"",""8476843"",""3702962"",""3965661"",""21347772"",""18105358"",""21020644"",""5002617"""
"2792.32813,""10453786"",""8917393"",""9028065"",NA,NA,NA,NA,NA,NA,NA,NA,NA,NA,NA,NA,NA,NA,NA,NA,NA,NA,NA,NA,NA,NA,NA,NA,NA,NA,NA,NA,NA,NA,NA,""11637129"",""38310388"",""33970132"",""33677596"",NA,NA,NA,NA,NA,NA,""17669350"",""11059940"",NA,""14969538"",""13079295"",""8807981"",""2100201"",""1085653"",""1737166"",""13954399"",""13718522"",""11466837"",""10460768"",""6044340"",""28755536"",""21164536"",""27414280"",""8618401"""
"2793.16058,NA,NA,NA,NA,""1099341"",""858419"",NA,NA,""2042836"",""1634377"",""3475115"",""3377806"",""1357042"",""829718"",""3412181"",""3264714"",""1686577"",""1927989"",NA,NA,NA,NA,NA,NA,NA,NA,NA,NA,NA,NA,NA,NA,NA,NA,NA,NA,NA,NA,NA,NA,NA,NA,NA,NA,NA,NA,NA,NA,NA,NA,NA,NA,NA,NA,NA,NA,NA,NA,NA,NA,NA,NA"
"2853.22872,NA,NA,NA,NA,""276564"",NA,NA,NA,""756233"",""504043"",""1211286"",""1497850"",""614700"",""457511"",""1359353"",""1683320"",""996207"",""1078216"",NA,NA,NA,NA,""5014966"",""3181651"",""1298897"",""2027723"",""1984025"",""2571435"",""4421410"",""5004638"",""7277166"",""7365273"",""6550141"",""2761593"",NA,NA,NA,NA,NA,NA,NA,NA,NA,NA,NA,NA,NA,NA,NA,NA,NA,NA,NA,NA,NA,NA,NA,NA,NA,NA,NA,NA"
"2853.40908,""25123046"",""20919466"",""22830974"",""1041905"",NA,NA,NA,NA,NA,NA,NA,NA,NA,NA,NA,NA,NA,NA,NA,NA,""31721468"",""11855744"",NA,NA,NA,NA,NA,NA,NA,NA,NA,NA,NA,NA,""13285991"",""53231416"",""49746164"",""49679720"",NA,NA,NA,NA,NA,NA,""56419228"",""35927464"",NA,""29016148"",""24813758"",""16515149"",""4494299"",""2343328"",""4100137"",""44517312"",""45127232"",""36303480"",""6021372"",""7581280"",""55753552"",""44970304"",""52997824"",""9209516"""
"2869.22314,NA,NA,NA,NA,""1105996"",""1133277"",NA,NA,""2332853"",""1662035"",""3923948"",""4686038"",""1922797"",""1356864"",""4483435"",""4790235"",""3061628"",""3493864"",NA,NA,NA,NA,""1260260"",""832218"",""352692"",""642473"",""535710"",""678980"",""1054263"",""1323523"",""1624573"",""1775677"",""1522200"",""761983"",NA,NA,NA,NA,NA,NA,NA,NA,NA,NA,NA,NA,NA,NA,NA,NA,NA,NA,NA,NA,NA,NA,NA,NA,NA,NA,NA,NA"
"2869.40603,""3125152"",""2322747"",""2674497"",""194609"",NA,NA,""4340947"",""1503584"",NA,NA,NA,NA,NA,NA,NA,NA,NA,NA,""951781"",NA,""4343647"",""3606128"",NA,NA,NA,NA,NA,NA,NA,NA,NA,NA,NA,NA,""2423806"",""5991115"",""5674384"",""5673523"",NA,NA,NA,NA,NA,NA,""8193347"",""10560305"",NA,""7020637"",""5742791"",""4113241"",""2253731"",""1118404"",""2193235"",""8133818"",""8122810"",""6564268"",""2068629"",""6502855"",""11810240"",""9385369"",""10991297"",""2249378"""
"2978.10732,NA,NA,NA,NA,NA,""510785"",NA,NA,""723347"",""732170"",""1084776"",""1301422"",""728581"",""427099"",""1232722"",""1227088"",""1059567"",""1055901"",NA,NA,NA,NA,NA,NA,NA,NA,NA,NA,NA,NA,NA,NA,NA,NA,NA,NA,NA,NA,NA,NA,NA,NA,NA,NA,NA,NA,NA,NA,NA,NA,NA,NA,NA,NA,NA,NA,NA,NA,NA,NA,NA,NA"
"3033.48646,""8781455"",""7205719"",""7174984"",""1703302"",NA,NA,""1569846"",""1129665"",NA,NA,NA,NA,NA,NA,NA,NA,NA,NA,NA,NA,""6165626"",""2041243"",NA,NA,NA,NA,NA,NA,NA,NA,NA,NA,NA,NA,""5171878"",""16655672"",""15465011"",""16341315"",NA,NA,NA,NA,NA,NA,""21207166"",NA,NA,""10975515"",""9799081"",""7567118"",""6538140"",""4166581"",""5523676"",""8941067"",""9406339"",""7999663"",""18108316"",""11017684"",""20170024"",""15782736"",""19301248"",""6459886"""
"3052.40122,""952933"",""812936"",""940219"",NA,NA,NA,NA,NA,NA,NA,NA,NA,NA,NA,NA,NA,NA,NA,NA,NA,NA,NA,NA,NA,NA,NA,NA,NA,NA,NA,NA,NA,NA,NA,""3256160"",""4905354"",""4344660"",""4542591"",NA,NA,NA,NA,NA,NA,""3248126"",NA,NA,""3601154"",""3014003"",""2384127"",""1219595"",""647169"",""1152824"",""3819541"",""3759723"",""3460901"",""3239526"",""3631210"",""2937846"",""2403143"",""3390742"",""2438750"""
"3084.41471,""1217590"",""1162913"",""1221913"",""984498"",NA,NA,NA,NA,NA,NA,NA,NA,NA,NA,NA,NA,NA,NA,NA,NA,NA,NA,NA,NA,NA,NA,NA,NA,NA,NA,NA,NA,NA,NA,""3509006"",NA,NA,NA,NA,""362934"",""523170"",NA,NA,NA,""5274355"",""1142814"",NA,""5100267"",""4698028"",""3239210"",""4975733"",""2647637"",""4228185"",""4761013"",""4776210"",""4216240"",""9703864"",""5407453"",""7771926"",""5249670"",""7394298"",""2159203"""
"3100.41214,""10470537"",""9161093"",""9340236"",""2865890"",NA,NA,NA,NA,NA,NA,NA,NA,NA,NA,NA,NA,NA,NA,NA,NA,NA,NA,NA,NA,NA,NA,NA,NA,NA,NA,NA,NA,NA,NA,""23000616"",""8373612"",""6950622"",""8131996"",""1353573"",""1238585"",""1838517"",NA,NA,NA,""32721298"",""14055931"",NA,""25707060"",""23980998"",""16412028"",""10143474"",""4827938"",""8302328"",""23402780"",""24192326"",""19856716"",""40053308"",""30254548"",""53288032"",""32739806"",""51147840"",""18365336"""
"3102.16447,NA,NA,NA,NA,""818713"",""797743"",NA,NA,""1199355"",""1164389"",""2441867"",""2561111"",""954084"",""455080"",""2209638"",""2185997"",""1308074"",""1532025"",NA,NA,NA,NA,NA,NA,NA,NA,NA,NA,NA,NA,NA,NA,NA,NA,NA,NA,NA,NA,NA,NA,NA,NA,NA,NA,NA,NA,NA,NA,NA,NA,NA,NA,NA,NA,NA,NA,NA,NA,NA,NA,NA,NA"
"3116.41028,""6009112"",""5466450"",""4967781"",NA,NA,NA,NA,NA,NA,NA,NA,NA,NA,NA,NA,NA,NA,NA,NA,NA,NA,NA,NA,NA,NA,NA,NA,NA,NA,NA,NA,NA,NA,NA,""11782989"",""63866636"",""54171168"",""61134540"",""1013146"",""845967"",""1198855"",NA,NA,NA,""17097424"",""13239654"",NA,""22024036"",""21360742"",""13687350"",""3908214"",""1649159"",""3172326"",""23029672"",""23286458"",""18953174"",""11055272"",""12453730"",""32887764"",""19198960"",""31290150"",""13660607"""
"3118.15886,NA,NA,NA,NA,""431692"",""457522"",NA,NA,""539250"",""677570"",""1105695"",""1083933"",""589523"",""322908"",""1079352"",""798399"",""485858"",""638331"",NA,NA,NA,NA,NA,NA,NA,NA,NA,NA,NA,NA,NA,NA,NA,NA,NA,NA,NA,NA,NA,NA,NA,NA,NA,NA,NA,NA,NA,NA,NA,NA,NA,NA,NA,NA,NA,NA,NA,NA,NA,NA,NA,NA"
"3186.19509,NA,NA,NA,NA,""351091"",""339996"",NA,NA,""779536"",""666807"",""1092398"",""1063645"",""531318"",NA,""921292"",""769076"",""627224"",""723872"",NA,NA,NA,NA,NA,NA,NA,NA,NA,NA,NA,NA,NA,NA,NA,NA,NA,NA,NA,NA,NA,NA,NA,NA,NA,NA,NA,NA,NA,NA,NA,NA,NA,NA,NA,NA,NA,NA,NA,NA,NA,NA,NA,NA"
"3200.28268,NA,NA,NA,NA,""405183"",""423241"",NA,NA,""766691"",""742788"",""1373040"",""1324481"",""589619"",""308566"",""1168966"",""1133621"",""741653"",""872160"",NA,NA,NA,NA,NA,NA,NA,NA,NA,NA,NA,NA,NA,NA,NA,NA,NA,NA,NA,NA,NA,NA,NA,NA,NA,NA,NA,NA,NA,NA,NA,NA,NA,NA,NA,NA,NA,NA,NA,NA,NA,NA,NA,NA"
"3216.2732,NA,NA,NA,NA,""306954"",""331192"",NA,NA,""637142"",""578523"",""966470"",""1138063"",""508772"",""306913"",""925670"",""826393"",""602354"",""648303"",NA,NA,NA,NA,NA,NA,NA,NA,NA,NA,NA,NA,NA,NA,NA,NA,NA,NA,NA,NA,NA,NA,NA,NA,NA,NA,NA,NA,NA,NA,NA,NA,NA,NA,NA,NA,NA,NA,NA,NA,NA,NA,NA,NA"
"3227.52062,""4981841"",""3909581"",""4657189"",NA,NA,NA,NA,NA,NA,NA,NA,NA,NA,NA,NA,NA,NA,NA,NA,NA,""966143"",""1041241"",NA,NA,NA,NA,NA,NA,NA,NA,NA,NA,NA,NA,""2228902"",""12559991"",""11858258"",""12139645"",NA,NA,NA,NA,NA,NA,""8388387"",""4710538"",NA,""7621358"",""6283211"",""4189776"",NA,""286271"",""537292"",""6373415"",""6505663"",""5271774"",""1444588"",""1573146"",""12547681"",""8698408"",""11986638"",""1590066"""
"4096.94606,NA,""453319"",""419791"",NA,NA,NA,NA,NA,NA,NA,NA,NA,NA,NA,NA,NA,NA,NA,NA,NA,NA,NA,NA,NA,NA,NA,NA,NA,NA,NA,NA,NA,NA,NA,""677786"",""1451771"",""1407931"",""1765255"",NA,NA,NA,NA,NA,NA,""309595"",NA,NA,""1109958"",""1317594"",""894866"",""2747745"",""1126502"",""1891480"",""777721"",""804177"",""829585"",""4752496"",""2420480"",""1058278"",""802977"",""1045918"",""1160858"""
